Structure of the Canadian Government,Fedral,Executive,Governer General,Prime Minister,Cabinet,
Structure of the Canadian Government,Fedral,Executive,Governer General,Prime Minister,PM's Office,
Structure of the Canadian Government,Fedral,Legistative,Senate(house of commons),,,
Structure of the Canadian Government,Fedral,Judiciary,Court of Appeal,Ontario Court,,
Structure of the Canadian Government,Fedral,Judiciary,Court of Appeal,Superior Court,,
Structure of the Canadian Government,Provincial,Executive,Lieutenant Governor,Premier,,
Structure of the Canadian Government,Provincial,Legistative,Premier Government,,,
Structure of the Canadian Government,Executive,Crown,Prime Minister,Cabinet,Government Ministries,
Structure of the Canadian Government,Executive,Governor General,Prime Minister,Cabinet,Government Ministries,
Structure of the Canadian Government,Legislature,Senate,House of commons,,,
Structure of the Canadian Government,Legislature,Legistative Assembely,,,,
Structure of the Canadian Government,Municipal,Executive,King,,,
Structure of the Canadian Government,Municipal,Executive,Queen of council,,,
Structure of the Canadian Government,Municipal,Legislative,Queen in Parliament,,,
Structure of the Canadian Government,Municipal,Judicial,Queen on the bench,,,
Structure of the Canadian Government,Municipal,Elections,,,,
Structure of the Canadian Government,Branche,Queen,Governor General,Parliaments,Senate,
Structure of the Canadian Government,Branche,Queen,Governor General,Parliaments,House of Commons,
Structure of the Canadian Government,Branche,Queen,Governor General,Prime Minister,Cabinet,
Structure of the Canadian Government,Branche,Queen,Governor General,Courts,Supreme Court of Canada,Federal Courts
Structure of the Canadian Government,Branche,Queen,Governor General,Courts,Supreme Court of Canada,Provincial Courts
Structure of the Canadian Government,Judicial,Supreme Courts,Provincial Courts,Small Claims,,
Structure of the Canadian Government,Branche,Supreme Courts,Provincial Courts,Court of Justice,,
Structure of the Canadian Government,Branche,Supreme Courts,Federal Courts,Lower court,,
Structure of the Canadian Government,Roles,Governer General,Julie Payette,,,
Structure of the Canadian Government,Roles,Prime Minister,Justin Trudeau,,,
Structure of the Canadian Government,Roles,Queen,Queen Elizabeth II,,,
Structure of the Canadian Government,Roles,Premier,Kathlyn Wynne,,,
Structure of the Canadian Government,Roles,Mayor,Raj Grewal,,,
Structure of the Canadian Government,Roles,Lieutenant Governor,Elizabeth Dowdeswell.,,,
