THE CONSTITUTION,LEGISLATIVE BRANCH,THE CONGRESS,
THE CONSTITUTION,LEGISLATIVE BRANCH,SENATE HOUSE,
THE CONSTITUTION,LEGISLATIVE BRANCH,ARCHITECT OF THE CAPITOL,
THE CONSTITUTION,LEGISLATIVE BRANCH,CONGRESSIONAL BUDGET OFFICE,
THE CONSTITUTION,LEGISLATIVE BRANCH,GOVERNMENT ACCOUNTABILITY OFFICE,
THE CONSTITUTION,LEGISLATIVE BRANCH,GOVERNMENT PUBLISHING OFFICE,
THE CONSTITUTION,LEGISLATIVE BRANCH,LIBRARY OF CONGRESS,
THE CONSTITUTION,LEGISLATIVE BRANCH,UNITED STATES BOTANIC GARDEN,
THE CONSTITUTION,EXECUTIVE BRANCH,THE PRESIDENT,
THE CONSTITUTION,EXECUTIVE BRANCH,THE VICE PRESIDENT,
THE CONSTITUTION,EXECUTIVE BRANCH,EXECUTIVE OFFICE OF THE PRESIDENT,
THE CONSTITUTION,EXECUTIVE BRANCH,COUNCIL OF ECONOMIC ADVISERS,
THE CONSTITUTION,EXECUTIVE BRANCH,COUNCIL ON ENVIRONMENTAL QUALITY,
THE CONSTITUTION,EXECUTIVE BRANCH,NATIONAL SECURITY COUNCIL,
THE CONSTITUTION,EXECUTIVE BRANCH,OFFICE OF ADMINISTRATION,
THE CONSTITUTION,EXECUTIVE BRANCH,OFFICE OF MANAGEMENT AND BUDGET,
THE CONSTITUTION,EXECUTIVE BRANCH,OFFICE OF NATIONAL DRUG CONTROL POLICY,
THE CONSTITUTION,EXECUTIVE BRANCH,OFFICE OF SCIENCE AND TECHNOLOGY POLICY,
THE CONSTITUTION,EXECUTIVE BRANCH,OFFICE OF THE UNITED STATES TRADE,
THE CONSTITUTION,EXECUTIVE BRANCH,REPRESENTATIVE,
THE CONSTITUTION,EXECUTIVE BRANCH,OFFICE OF THE VICE PRESIDENT,
THE CONSTITUTION,EXECUTIVE BRANCH,WHITE HOUSE OFFICE,
THE CONSTITUTION,EXECUTIVE BRANCH,DEPARTMENT,DEPARTMENT OF AQRICULITURE
THE CONSTITUTION,EXECUTIVE BRANCH,DEPARTMENT,DEPARTMENT OF COMMERCE
THE CONSTITUTION,EXECUTIVE BRANCH,DEPARTMENT,DEPARTMENT OF DEFENSE
THE CONSTITUTION,EXECUTIVE BRANCH,DEPARTMENT,DEPARTMENT OF EDUCATION
THE CONSTITUTION,EXECUTIVE BRANCH,DEPARTMENT,DEPARTMENT OF ENERGY
THE CONSTITUTION,EXECUTIVE BRANCH,DEPARTMENT,DEPARTMENT OF HEALTH AND HUMAN SERVICES
THE CONSTITUTION,EXECUTIVE BRANCH,DEPARTMENT,DEPARTMENT OF HOMELAND SECURITY
THE CONSTITUTION,EXECUTIVE BRANCH,DEPARTMENT,DEPARTMENT OF HOUSING AND URBAN DEVELOPMENT
THE CONSTITUTION,EXECUTIVE BRANCH,DEPARTMENT,DEPARTMENT OF THE INTERIOR
THE CONSTITUTION,EXECUTIVE BRANCH,DEPARTMENT,DEPARTMENT OF JUSTICE
THE CONSTITUTION,EXECUTIVE BRANCH,DEPARTMENT,DEPARTMENT OF LABOR
THE CONSTITUTION,EXECUTIVE BRANCH,DEPARTMENT,DEPARTMENT OF STATE
THE CONSTITUTION,EXECUTIVE BRANCH,DEPARTMENT,DEPARTMENT OF TRANSPORTATION
THE CONSTITUTION,EXECUTIVE BRANCH,DEPARTMENT,DEPARTMENT OF THETREASURY
THE CONSTITUTION,EXECUTIVE BRANCH,DEPARTMENT,DEPARTMENT OF VETERANS AFFAIRS
THE CONSTITUTION,JUDICIAL BRANCH,THE SUPREME COURT OF THE,
THE CONSTITUTION,JUDICIAL BRANCH,UNITED STATES,
THE CONSTITUTION,JUDICIAL BRANCH,ADMINIS TRATIVE OFFICE OF THE UNITED COURTS,
THE CONSTITUTION,JUDICIAL BRANCH,FEDERAL JUDICIAL CENTER,
THE CONSTITUTION,JUDICIAL BRANCH,TERRITORIAL COURTS,
THE CONSTITUTION,JUDICIAL BRANCH,UNITED STATES COURTS OF APPEALS,
THE CONSTITUTION,JUDICIAL BRANCH,UNITED STATES COURT OF APPEALS FOR THE ARMES FORCES,
THE CONSTITUTION,JUDICIAL BRANCH,UNITES STATES COURT OF APPEALS FOR VETERANS CLAIMS,
THE CONSTITUTION,JUDICIAL BRANCH,UNITES STATES DISTRICT COURTS ,
THE CONSTITUTION,JUDICIAL BRANCH,UNITED STATES COURT OF FEDERAL CLAIMS,
THE CONSTITUTION,JUDICIAL BRANCH,UNITED STATED SENTENCING COMMISSION,
THE CONSTITUTION,JUDICIAL BRANCH,UNITED STATES TAX COURT,
